{
    "name": "Salzkavernen (Wasserstoff)",
    "description": "Stellt Salzkavernen (Wasserstoff) dar",
    "commodity": "Wasserstoff",
    "capacity_variable": true,
    "capacity_variable_domain": "CONTINUOUS",
    "capacity_per_plant_unit": 133,
    "shared_potential_id": "Existing salt caverns",
    "invest_per_capacity": 0.00011,
    "opex_per_capacity": 0.00057,
    "interest_rate": 0.08,
    "economic_lifetime": 30,
    "charge_rate": 0.002125985,
    "discharge_rate": 0.002125985,
    "state_of_charge_min": 0.33,
    "state_of_charge_max": 1
}