{
    "name": "GuD-Turbine (Wasserstoff)",
    "description": "Stellt Gas-und Dampfturbinen für Wasserstoff dar",
    "physical_unit": "GW",
    "capacity_variable": true,
    "conversion_factors": [
        {
            "commodity": "Elektrizität",
            "conversion_factor": 1
        },
        {
            "commodity": "Wasserstoff",
            "conversion_factor": -1.5873
        }
    ],
    "invest_per_capacity": 0.7,
    "opex_per_capacity": 0.021,
    "interest_rate": 0.08,
    "economic_lifetime": 33
}
