{
    "name": "GuD-Turbine (Methan)",
    "description": "Stellt Gas-und Dampfturbinen für Methan dar",
    "physical_unit": "GW",
    "capacity_variable": true,
    "conversion_factors": [
        {
            "commodity_name": "Elektrizität",
            "conversion_factor": 1
        },
        {
            "commodity_name": "Methan",
            "conversion_factor": -1.66666667
        },
        {
            "commodity_name": "CO2",
            "conversion_factor": 0.000001666666
        }
    ],
    "invest_per_capacity": 0.65,
    "opex_per_capacity": 0.021,
    "interest_rate": 0.08,
    "economic_lifetime": 33
}
