{
    "name": "rSOFC",
    "description": "Stellt rSOFC dar",
    "physical_unit": "GW",
    "capacity_variable": true,
    "linked_conversion_capacity_id": "rSOC",
    "conversion_factors": [
        {
            "commodity_name": "Elektrizität",
            "conversion_factor": 1
        },
        {
            "commodity_name": "Wasserstoff",
            "conversion_factor": -1.66667
        }
    ],
    "invest_per_capacity": 0.75,
    "opex_per_capacity": 0.015,
    "interest_rate": 0.08,
    "economic_lifetime": 10
}
