{
    "name": "New CCGT plants (hydrogen)",
    "description": "",
    "physical_unit": "GW_el",
    "capacity_variable": true,
    "conversion_factors": [
        {
            "commodity_name": "hydrogen",
            "conversion_factor": -1.667
        },
        {
            "commodity_name": "electricity",
            "conversion_factor": 1
        }
    ],
    "invest_per_capacity": 0.7,
    "opex_per_capacity": 0.021,
    "interest_rate": 0.08,
    "economic_lifetime": 33
}
