{
    "name": "rSOEC",
    "description": "Stellt rSOEC dar",
    "commodity_unit": "Wasserstoff",
    "capacity_variable": true,
    "linked_conversion_capacity_id": "rSOC",
    "conversion_factors": [
        {
            "commodity": "Elektrizität",
            "conversion_factor": -1
        },
        {
            "commodity": "Wasserstoff",
            "conversion_factor": 0.6
        }
    ],
    "invest_per_capacity": 0.75,
    "opex_per_capacity": 0.015,
    "interest_rate": 0.08,
    "economic_lifetime": 10
}